clusterID,Values,Size,DogIDs
cluster_3180, [3182550855549], 2, bigdogworld_015bitiba.co.uk_113
cluster_3738, [840243103799], 2, petnutritioncenter_007healthypetcenters_014
cluster_3477, [859610002580], 2, dog_010petfood_013
cluster_2690, [3182550743501], 1, miscota_070
cluster_857, [30111492623], 1, countrymax_099
cluster_4196, [723633420372], 4, petco_050concordpet_140dog_068petfood_064
cluster_4108, [74198612673], 3, petco_102petfood_062dog_066
cluster_3445, [840243121625], 2, healthypetcenters_039petnutritioncenter_064
cluster_3686, [30111517951], 2, concordpet_222horseandhound_098
cluster_761, [840243110070], 1, speckspet_016
cluster_1410, [3182550771733], 1, bitiba.co.uk_164
cluster_706, [840243100927], 1, concordpet_034
cluster_3500, [52742886206], 2, hardwarestore_021countrymax_067
cluster_1993, [3182550758307], 1, miscota_104
cluster_4530, [840243105113], 7, petnutritioncenter_137petsense_079roguevalleypet_057concordpet_084healthypetcenters_151countrymax_053petsupplies_022
cluster_4401, [3182550813082], 4, mypetwarehouse_134megapet_089bitiba.co.uk_142miscota_153
cluster_1572, [723633490214], 1, petnutritioncenter_171
cluster_4370, [3182550787864], 3, miscota_120bitiba.co.uk_118zooplus_064
cluster_4062, [30111453303], 3, horseandhound_107concordpet_207roguevalleypet_156
cluster_4272, [723633428644], 4, horseandhound_055concordpet_155roguevalleypet_097healthypetcenters_268
cluster_3513, [859610005666], 2, concordpet_098petco_015
cluster_86, [840243102402], 1, healthypetcenters_095
cluster_3694, [840243110803], 2, healthypetcenters_087petnutritioncenter_034
cluster_4557, [723633420747], 5, petsense_076petfood_067dog_078petsupplies_025concordpet_116
cluster_1373, [3182550761932], 1, miscota_059
cluster_4042, [723633707282], 4, petco_068petsupplies_041concordpet_149petsense_060
cluster_4236, [840243106332], 3, speckspet_064dogsupplies_011healthypetcenters_212
cluster_3230, [52742015835], 2, miscota_052zoobio_009
cluster_4243, [840243112616], 3, petnutritioncenter_100healthypetcenters_089dog_094
cluster_4304, [30111460356], 4, petnutritioncenter_183healthypetcenters_285horseandhound_067roguevalleypet_108
cluster_1080, [52742282701], 1, bitiba.co.uk_021
cluster_4316, [52742282602], 4, zooplus_019miscota_022zoomalia_008zoobio_017
cluster_4098, [52742909806], 3, countrymax_084horseandhound_016walmart_019
cluster_2113, [10723633925737], 1, healthypetcenters_245
cluster_1085, [859610006595], 1, healthypetcenters_016
cluster_3283, [859610002849], 2, petfood_031dog_024
cluster_1027, [3182550853361], 1, miscota_133
cluster_4048, [840243112623], 4, healthypetcenters_080petfood_039petnutritioncenter_105dog_090
cluster_2788, [840243111237], 1, countrymax_046
cluster_4595, [74198610983], 5, hardwarestore_049speckspet_003petco_113dog_050petfood_050
cluster_3424, [30111451613], 2, concordpet_185petco_080
cluster_4599, [74198612239], 5, zoobio_078megapet_101bitiba.co.uk_058mypetwarehouse_174miscota_194
cluster_520, [9003579001585], 1, mypetwarehouse_149
cluster_4526, [723633420792], 5, petsupplies_035concordpet_135dog_081petfood_072petsense_066
cluster_3666, [3182550743709], 2, miscota_076mypetwarehouse_144
cluster_4317, [3182550778831], 3, miscota_097zooplus_049bitiba.co.uk_098
cluster_2178, [52742322001], 1, zoobio_005
cluster_4175, [723633420334], 4, horseandhound_048roguevalleypet_090concordpet_139healthypetcenters_244
cluster_4185, [74198610341], 3, dog_052countrymax_113petfood_046
cluster_4546, [723633420723], 5, dog_079petco_072petfood_085dog_073concordpet_131
cluster_4034, [723633277099], 4, horseandhound_036roguevalleypet_078healthypetcenters_228concordpet_109
cluster_637, [723633440592], 1, healthypetcenters_265
cluster_438, [840243100057], 1, concordpet_011
cluster_129, [52742703800], 1, hardwarestore_006
cluster_4190, [3182550708180], 4, zooplus_069megapet_077zoomalia_039mypetwarehouse_110
cluster_4562, [3182550716932], 5, mypetwarehouse_129zooplus_082bitiba.co.uk_140megapet_086zoomalia_047
cluster_4101, [3182550765183], 4, miscota_080bitiba.co.uk_088zooplus_039zoobio_032
cluster_4020, [3182550831383], 3, zoobio_069miscota_129bitiba.co.uk_128
cluster_3846, [3182550765169], 2, miscota_079bitiba.co.uk_089
cluster_4178, [3182550728102], 3, bitiba.co.uk_079megapet_043mypetwarehouse_140
cluster_245, [840243122158], 1, concordpet_076
cluster_3190, [30111493132], 2, horseandhound_104concordpet_243
cluster_3261, [840243110759], 2, petnutritioncenter_029healthypetcenters_073
cluster_4141, [859610005765], 4, concordpet_005petnutritioncenter_011roguevalleypet_011healthypetcenters_019
cluster_3, [723633429245], 1, concordpet_153
cluster_3054, [52742005430], 2, megapet_016mypetwarehouse_043
cluster_4235, [30111513427], 4, concordpet_240horseandhound_105horseandhound_106roguevalleypet_155
cluster_4541, [30111418005], 5, horseandhound_086roguevalleypet_126concordpet_190petco_091petnutritioncenter_200
cluster_3018, [30111444233], 2, roguevalleypet_123horseandhound_083
cluster_4172, [30111512512], 3, concordpet_230countrymax_100petco_081
cluster_4045, [3182550773836], 3, bitiba.co.uk_122megapet_071mypetwarehouse_106
cluster_4497, [859610000333], 8, roguevalleypet_028horseandhound_004healthypetcenters_099concordpet_043countrymax_026petnutritioncenter_108petsupplies_010petsense_091
cluster_4220, [840243105847], 4, petnutritioncenter_084healthypetcenters_074concordpet_042roguevalleypet_017
cluster_4253, [723633444439], 4, petco_060dog_086concordpet_142petfood_077
cluster_4490, [30111452252], 7, roguevalleypet_164petsupplies_084horseandhound_115countrymax_104concordpet_216petsense_017petnutritioncenter_216
cluster_4067, [30111510808], 4, horseandhound_063concordpet_170roguevalleypet_103petnutritioncenter_175
cluster_2541, [52742855905], 1, countrymax_062
cluster_4521, [74198610761], 5, petnutritioncenter_224concordpet_251healthypetcenters_305petco_111mypetwarehouse_193
cluster_324, [3182550813020], 1, mypetwarehouse_161
cluster_674, [859610003778], 1, countrymax_044
cluster_237, [840243105854], 1, concordpet_037
cluster_2426, [52742809601], 1, bitiba.co.uk_038
cluster_4379, [52742170008], 3, miscota_014bitiba.co.uk_014zooplus_013
cluster_826, [3182550787826], 1, miscota_128
cluster_4089, [52742609508], 3, miscota_011zoobio_016zooplus_004
cluster_1037, [3182550775311], 1, zoobio_048
cluster_3169, [840243104857], 2, countrymax_057speckspet_012
cluster_3038, [52742382203], 2, walmart_013mypetwarehouse_044
cluster_1193, [52742297002], 1, petco_036
cluster_4021, [74198612666], 3, petfood_061dog_065mypetwarehouse_181
cluster_2974, [52742005447], 2, mypetwarehouse_028megapet_033
cluster_4387, [723633277105], 3, petsupplies_026petsense_075concordpet_108
cluster_1299, [3182550733410], 1, miscota_164
cluster_2421, [3182550751148], 1, miscota_103
cluster_4587, [74198609604], 6, speckspet_006hardwarestore_047petfood_048petco_112dog_054zoobio_077
cluster_4281, [3182550752404], 3, zooplus_083zoobio_041miscota_152
cluster_2352, [52742007229], 1, mypetwarehouse_018
cluster_3672, [859610005871], 2, healthypetcenters_096petnutritioncenter_104
cluster_4254, [859610000388], 4, petco_019speckspet_057petfood_020dog_034
cluster_3577, [30111920560], 2, petsupplies_060petsense_041
cluster_1478, [840243116591], 1, healthypetcenters_172
cluster_2543, [9003579311462], 1, bitiba.co.uk_149
cluster_604, [859610001248], 1, petco_009
cluster_2324, [3182550771115], 1, miscota_091
cluster_4156, [859610005444], 3, speckspet_013healthypetcenters_186dogsupplies_025
cluster_4150, [52742927107], 3, miscota_056zooplus_005bitiba.co.uk_053
cluster_512, [74198612505], 1, mypetwarehouse_190
cluster_4339, [30111510303], 4, concordpet_180petnutritioncenter_193horseandhound_077roguevalleypet_117
cluster_4137, [840243105205], 3, petfood_011countrymax_010dog_014
cluster_4166, [840243105724], 4, healthypetcenters_158roguevalleypet_062petnutritioncenter_144concordpet_090
cluster_3098, [52742015828], 2, miscota_043bitiba.co.uk_010
cluster_59, [52742209708], 1, miscota_037
cluster_4059, [3182550793001], 3, megapet_082mypetwarehouse_158bitiba.co.uk_135
cluster_167, [3182550760225], 1, miscota_061
cluster_4229, [52742169804], 4, miscota_008zoomalia_003zooplus_008bitiba.co.uk_013
cluster_3797, [840243120604], 2, petnutritioncenter_074healthypetcenters_049
cluster_1748, [3182550716925], 1, bitiba.co.uk_154
cluster_4492, [30111511812], 6, concordpet_181petsupplies_063horseandhound_078petsense_038petco_087roguevalleypet_118
cluster_2177, [723633331005], 1, petnutritioncenter_167
cluster_4357, [3182550724142], 3, zooplus_045zoomalia_023miscota_093
cluster_4467, [840243105120], 4, dog_036concordpet_086petfood_024countrymax_051
cluster_4558, [723633420600], 8, roguevalleypet_091petsense_061healthypetcenters_246horseandhound_049petsupplies_040concordpet_141dog_084petfood_075
cluster_3441, [723633420099], 2, petco_057concordpet_105
cluster_1430, [723633429320], 1, concordpet_125
cluster_2551, [9003579001578], 1, mypetwarehouse_147
cluster_3051, [723633277112], 2, petco_051concordpet_110
cluster_4478, [859610002801], 3, petfood_040dog_027countrymax_002
cluster_3435, [52742808802], 2, zooplus_097bitiba.co.uk_037
cluster_2377, [52742676708], 1, hardwarestore_008
cluster_3409, [840243107124], 2, healthypetcenters_072petnutritioncenter_028
cluster_1926, [3182550780919], 1, bitiba.co.uk_181
cluster_4237, [74198610334], 3, dog_058countrymax_121petfood_053
cluster_3336, [859610000043], 2, dog_019petfood_029
cluster_4519, [3182550802758], 5, bitiba.co.uk_121zoobio_067zooplus_066zoomalia_036mypetwarehouse_102
cluster_4545, [3182550708197], 5, zoomalia_035megapet_069mypetwarehouse_105zooplus_065miscota_122
cluster_4096, [3182550743952], 4, zoomalia_021miscota_067zooplus_041mypetwarehouse_100
cluster_4335, [30111453778], 4, roguevalleypet_135petnutritioncenter_205concordpet_197horseandhound_092
cluster_4331, [3182550811538], 4, zooplus_037zoobio_030mypetwarehouse_151bitiba.co.uk_085
cluster_238, [840243122110], 1, concordpet_071
cluster_2518, [3182550813242], 1, bitiba.co.uk_072
cluster_4518, [859610006731], 6, concordpet_039petnutritioncenter_089petsense_094petsupplies_007roguevalleypet_020healthypetcenters_066
cluster_3397, [859610000098], 2, petfood_002dog_088
cluster_4351, [52742012070], 3, walmart_032mypetwarehouse_039megapet_002
cluster_3355, [859610005956], 2, healthypetcenters_009petnutritioncenter_020
cluster_4124, [52742927206], 4, bitiba.co.uk_054zooplus_003zoobio_015zoomalia_001
cluster_4184, [52742926704], 4, bitiba.co.uk_049zoobio_010zooplus_010zoomalia_005
cluster_4097, [30111512727], 4, petnutritioncenter_208concordpet_166horseandhound_061roguevalleypet_150
cluster_4261, [3182550708203], 3, zooplus_067miscota_121zoomalia_037
cluster_1492, [52742017310], 1, miscota_048
cluster_4454, [723633277129], 4, healthypetcenters_235roguevalleypet_082horseandhound_040concordpet_120
cluster_4561, [30111519504], 6, countrymax_092healthypetcenters_290horseandhound_072roguevalleypet_112petnutritioncenter_188concordpet_175
cluster_4337, [859610005659], 4, roguevalleypet_067healthypetcenters_170concordpet_097petnutritioncenter_151
cluster_3719, [74198612468], 2, bitiba.co.uk_062mypetwarehouse_178
cluster_4393, [30111454553], 4, concordpet_212petnutritioncenter_211horseandhound_110roguevalleypet_159
cluster_4582, [3182550751261], 6, zooplus_051zoomalia_026bigdogworld_007mypetwarehouse_083bitiba.co.uk_100megapet_054
cluster_416, [52742143118], 1, mypetwarehouse_002
cluster_4489, [30111520449], 5, petnutritioncenter_189horseandhound_073roguevalleypet_113concordpet_176petco_078
cluster_2494, [723633278485], 1, concordpet_144
cluster_1309, [52742402109], 1, bitiba.co.uk_027
cluster_2780, [318550743440], 1, megapet_053
cluster_2097, [840243101245], 1, countrymax_022
cluster_4380, [840243105434], 4, countrymax_001petfood_032petnutritioncenter_001dog_025
cluster_2733, [52742703619], 1, mypetwarehouse_027
cluster_4168, [3182550793575], 3, zoobio_070megapet_081miscota_131
cluster_2886, [3182550761888], 1, miscota_146
cluster_551, [723633331043], 1, petnutritioncenter_168
cluster_3721, [840243120482], 2, healthypetcenters_043petnutritioncenter_068
cluster_3150, [3182550793728], 2, bitiba.co.uk_152zoobio_072
cluster_4142, [52742703602], 3, hardwarestore_039countrymax_087mypetwarehouse_026
cluster_300, [859610002610], 1, petco_023
cluster_4365, [723633420549], 4, concordpet_112roguevalleypet_079horseandhound_037healthypetcenters_229
cluster_1035, [840243122097], 1, concordpet_073
cluster_141, [840243105557], 1, countrymax_017
cluster_4223, [30111464910], 3, concordpet_204roguevalleypet_147horseandhound_100
cluster_845, [52742142814], 1, mypetwarehouse_032
cluster_3357, [52742703701], 2, mypetwarehouse_052hardwarestore_004
cluster_3302, [52742283005], 2, miscota_018zooplus_001
cluster_3096, [52742893204], 2, bitiba.co.uk_042zoobio_012
cluster_4429, [52742366609], 3, miscota_047zooplus_012zoomalia_006
cluster_4319, [30111520302], 3, horseandhound_074roguevalleypet_114petnutritioncenter_190
cluster_2699, [3182550710992], 1, miscota_155
cluster_4115, [840243105298], 4, concordpet_059countrymax_038petfood_095dog_006
cluster_2262, [52742203706], 1, walmart_016
cluster_4430, [859610000326], 3, speckspet_050petfood_022dog_022
cluster_316, [52742011608], 1, bitiba.co.uk_008
cluster_4330, [840243104932], 3, countrymax_014dog_002petfood_005
cluster_916, [52742327006], 1, miscota_004
cluster_3484, [74198612284], 2, mypetwarehouse_166bitiba.co.uk_059
cluster_3428, [840243121113], 2, healthypetcenters_129petnutritioncenter_126
cluster_3005, [723633082136], 2, petco_071healthypetcenters_237
cluster_3359, [3182550779067], 2, bitiba.co.uk_131zooplus_076
cluster_455, [52742007236], 1, mypetwarehouse_017
cluster_2850, [3182550402293], 1, miscota_112
cluster_1756, [723633126496], 1, healthypetcenters_274
cluster_3414, [52742886602], 2, horseandhound_021hardwarestore_025
cluster_4542, [840243105281], 6, roguevalleypet_042petnutritioncenter_120petsupplies_015petsense_086healthypetcenters_113concordpet_058
cluster_4058, [840243112579], 4, petnutritioncenter_058healthypetcenters_031dog_013petfood_010
cluster_3984, [52742143002], 2, mypetwarehouse_003hardwarestore_018
cluster_1205, [723633446068], 1, healthypetcenters_216
cluster_2368, [723633012638], 1, healthypetcenters_271
cluster_4192, [3182550722575], 3, megapet_047bitiba.co.uk_087mypetwarehouse_145
cluster_3924, [52742326900], 2, bitiba.co.uk_024zoobio_022
cluster_4273, [30111513823], 4, roguevalleypet_119concordpet_182petnutritioncenter_194horseandhound_079
cluster_4433, [3182550719797], 4, miscota_066zoomalia_020zoobio_027zooplus_040
cluster_3629, [30111493897], 2, horseandhound_101concordpet_165
cluster_4485, [30111512321], 6, horseandhound_129concordpet_235roguevalleypet_168petsense_012petsupplies_089healthypetcenters_299
cluster_3071, [840243120529], 2, petnutritioncenter_062healthypetcenters_037
cluster_1340, [840243101320], 1, healthypetcenters_192
cluster_4149, [840243100989], 4, concordpet_031petnutritioncenter_043roguevalleypet_071healthypetcenters_177
cluster_417, [3182550797368], 1, bitiba.co.uk_172
cluster_3576, [840243120765], 2, healthypetcenters_187petnutritioncenter_157
cluster_3525, [3182550710923], 2, miscota_102bitiba.co.uk_156
cluster_3620, [859610002696], 2, petfood_081dog_057
cluster_3344, [3182550773867], 2, zooplus_059bitiba.co.uk_111
cluster_81, [723633429313], 1, concordpet_126
cluster_3733, [30111492555], 2, petsense_016petsupplies_085
cluster_3703, [52742005461], 2, megapet_006mypetwarehouse_057
cluster_394, [52742300757], 1, miscota_027
cluster_1731, [52742012049], 1, walmart_028
cluster_1755, [3182550842228], 1, bitiba.co.uk_163
cluster_2766, [52742297507], 1, countrymax_106
cluster_1354, [9003579002711], 1, mypetwarehouse_122
cluster_3056, [52742705507], 2, hardwarestore_032mypetwarehouse_029
cluster_4482, [30111512949], 5, concordpet_231horseandhound_125roguevalleypet_132petsupplies_068petsense_033
cluster_4499, [74198611010], 8, countrymax_117petsense_002hardwarestore_050petnutritioncenter_231roguevalleypet_179healthypetcenters_312petsupplies_099horseandhound_145
cluster_2563, [3182550760317], 1, miscota_069
cluster_577, [3182550761826], 1, miscota_145
cluster_3140, [840243120369], 2, healthypetcenters_041petnutritioncenter_066
cluster_3543, [52742017297], 2, zooplus_024bitiba.co.uk_012
cluster_4071, [74198612413], 3, megapet_112bitiba.co.uk_061miscota_193
cluster_1460, [52742402703], 1, bitiba.co.uk_028
cluster_3611, [840243120444], 2, petnutritioncenter_067healthypetcenters_042
cluster_3289, [3182550837989], 2, miscota_176zoobio_053
cluster_4419, [840243105342], 3, speckspet_028dog_056petfood_080
cluster_4480, [840243105717], 7, petsupplies_005petsense_096roguevalleypet_030healthypetcenters_101concordpet_025petnutritioncenter_035countrymax_033
cluster_3356, [52742853000], 2, megapet_025mypetwarehouse_009
cluster_4329, [30111175793], 3, petnutritioncenter_187petsupplies_055petsense_046
cluster_4543, [723633420358], 6, concordpet_114petco_065dog_071petsense_073petsupplies_028petfood_086
cluster_503, [840243105519], 1, speckspet_053
cluster_3905, [840243110872], 2, healthypetcenters_175petnutritioncenter_041
cluster_3970, [723633808309], 2, petfood_071concordpet_163
cluster_2404, [52742887302], 1, petco_027
cluster_3519, [840243105861], 2, concordpet_036speckspet_048
cluster_1646, [723633446105], 1, healthypetcenters_260
cluster_2546, [3182550751292], 1, miscota_183
cluster_4411, [52742012032], 3, horseandhound_034megapet_003mypetwarehouse_041
cluster_1494, [859610002962], 1, countrymax_030
cluster_3364, [3182550733489], 2, zooplus_088miscota_163
cluster_4410, [52742366203], 3, zoomalia_009miscota_057zooplus_021
cluster_1563, [859610001538], 1, petco_020
cluster_3328, [3182550716888], 2, megapet_080mypetwarehouse_117
cluster_4449, [840243110025], 4, concordpet_035roguevalleypet_076petnutritioncenter_047healthypetcenters_183
cluster_2695, [723633490221], 1, petnutritioncenter_169
cluster_4313, [3182550402132], 4, mypetwarehouse_112megapet_076bitiba.co.uk_125bigdogworld_019
cluster_4476, [52742926407], 3, zoomalia_010bitiba.co.uk_048zooplus_022
cluster_2349, [74198611201], 1, petco_110
cluster_2478, [52742015743], 1, miscota_044
cluster_3318, [52742366906], 2, miscota_055zooplus_011
cluster_3205, [3182550821414], 2, zooplus_052zoomalia_027
cluster_4300, [3182550811774], 4, zooplus_091bitiba.co.uk_150mypetwarehouse_072zoobio_045
cluster_2468, [52742002194], 1, petco_030
cluster_319, [859610000869], 1, speckspet_046
cluster_4533, [30111492890], 6, concordpet_224petsupplies_072horseandhound_121petsense_029roguevalleypet_141petco_074
cluster_3565, [52742011899], 2, mypetwarehouse_037countrymax_105
cluster_4385, [74198613342], 3, bitiba.co.uk_065mypetwarehouse_171zoobio_075
cluster_4308, [52742016054], 4, walmart_008petco_025horseandhound_019hardwarestore_022
cluster_1349, [859610007646], 1, speckspet_027
cluster_1836, [52742703718], 1, mypetwarehouse_053
cluster_2728, [723633622141], 1, dogsupplies_027
cluster_3149, [3182550816731], 2, megapet_061mypetwarehouse_096
cluster_953, [52742312606], 1, miscota_025
cluster_1438, [3182550771153], 1, miscota_090
cluster_3553, [840243107117], 2, petnutritioncenter_027healthypetcenters_071
cluster_4386, [30111512420], 4, healthypetcenters_298roguevalleypet_167horseandhound_128petnutritioncenter_218
cluster_505, [52742002002], 1, petco_040
cluster_4130, [74198609635], 3, dog_047hardwarestore_043petfood_044
cluster_4255, [840243101191], 4, healthypetcenters_137petnutritioncenter_037roguevalleypet_051concordpet_027
cluster_4513, [840243101184], 5, healthypetcenters_169petnutritioncenter_150petco_022roguevalleypet_066concordpet_096
cluster_4432, [3182550853392], 3, zoomalia_045zooplus_077mypetwarehouse_157
cluster_4197, [52742204208], 3, walmart_015petco_047hardwarestore_029
cluster_4105, [30111457868], 4, horseandhound_084concordpet_187roguevalleypet_124petnutritioncenter_198
cluster_337, [52742010885], 1, bitiba.co.uk_005
cluster_4136, [30111416872], 4, petnutritioncenter_201roguevalleypet_130horseandhound_089concordpet_194
cluster_1693, [3182550793391], 1, megapet_096
cluster_1523, [723633441377], 1, healthypetcenters_224
cluster_4528, [840243100835], 6, petsense_097roguevalleypet_022petnutritioncenter_030concordpet_021healthypetcenters_075petsupplies_004
cluster_4605, [52742927008], 5, bitiba.co.uk_052miscota_001zooplus_007bitiba.co.uk_051zoobio_020
cluster_3881, [840243120581], 2, petnutritioncenter_063healthypetcenters_038
cluster_2391, [3182550793636], 1, bitiba.co.uk_153
cluster_3221, [840243121014], 2, healthypetcenters_195petnutritioncenter_162
cluster_838, [840243105502], 1, countrymax_040
cluster_14, [52742753805], 1, miscota_012
cluster_4129, [840243105441], 3, roguevalleypet_005healthypetcenters_005concordpet_013
cluster_631, [3182550711395], 1, bitiba.co.uk_162
cluster_1393, [52742770109], 1, miscota_002
cluster_4299, [30111450920], 4, petnutritioncenter_209horseandhound_108roguevalleypet_157concordpet_209
cluster_1892, [840243101207], 1, concordpet_028
cluster_4361, [30111518330], 4, concordpet_223horseandhound_120petnutritioncenter_207roguevalleypet_139
cluster_3702, [840243120468], 2, petnutritioncenter_070healthypetcenters_045
cluster_946, [30111492517], 1, concordpet_239
cluster_4425, [723633787284], 3, petfood_066concordpet_128petco_053
cluster_3285, [840243120666], 2, healthypetcenters_051petnutritioncenter_076
cluster_4224, [52742011332], 3, bitiba.co.uk_007miscota_045zoobio_011
cluster_61, [30111517739], 1, concordpet_226
cluster_3722, [840243110889], 2, petnutritioncenter_042healthypetcenters_176
cluster_3501, [3182550718813], 2, zoobio_029miscota_071
cluster_4027, [840243102990], 4, petnutritioncenter_153concordpet_100roguevalleypet_070healthypetcenters_174
cluster_4415, [3182550743174], 3, megapet_085zoobio_040mypetwarehouse_130
cluster_4403, [74198611171], 4, petfood_052speckspet_005petco_098dog_062
cluster_4258, [52742010892], 3, bitiba.co.uk_006miscota_034zooplus_002
cluster_4488, [30111492500], 5, petsense_022petsupplies_079concordpet_238horseandhound_131roguevalleypet_154
cluster_3004, [52742143408], 2, hardwarestore_033mypetwarehouse_045
cluster_4464, [30111823557], 4, petsense_051petsupplies_050healthypetcenters_281petnutritioncenter_177
cluster_4540, [723633077774], 5, healthypetcenters_269petsupplies_044roguevalleypet_098petsense_057horseandhound_056
cluster_213, [52742282909], 1, zoobio_018
cluster_4565, [3182550755368], 5, mypetwarehouse_131bitiba.co.uk_077megapet_040zoomalia_014zooplus_030
cluster_3444, [52742005553], 2, megapet_036mypetwarehouse_035
cluster_2594, [52742917900], 1, bitiba.co.uk_067
cluster_4355, [723633420754], 3, petco_049concordpet_118petfood_068
cluster_1095, [859610005635], 1, speckspet_024
cluster_3158, [52742921907], 2, walmart_021countrymax_061
cluster_2209, [3182550838252], 1, zoobio_058
cluster_4617, [859610000012], 10, petfood_036concordpet_053petsupplies_014petnutritioncenter_116countrymax_013speckspet_060petsense_087dog_042roguevalleypet_038healthypetcenters_109
cluster_3436, [52742005201], 2, megapet_027mypetwarehouse_011
cluster_4152, [3182550775281], 4, zoomalia_018zooplus_036miscota_075bitiba.co.uk_082
cluster_1737, [859610007967], 1, speckspet_029
cluster_3535, [52742648101], 2, megapet_034mypetwarehouse_030
cluster_4202, [52742909608], 4, walmart_035horseandhound_028hardwarestore_041countrymax_076
cluster_1919, [52742918204], 1, bitiba.co.uk_045
cluster_3805, [52742005041], 2, mypetwarehouse_047megapet_004
cluster_4459, [74198612192], 4, mypetwarehouse_195megapet_110bitiba.co.uk_057miscota_199
cluster_3712, [52742007731], 2, miscota_013zooplus_018
cluster_1941, [52742312903], 1, miscota_029
cluster_2566, [723633446082], 1, healthypetcenters_218
cluster_2990, [3182550704670], 2, bitiba.co.uk_114bigdogworld_016
cluster_4610, [859610008810], 5, speckspet_023healthypetcenters_179petnutritioncenter_046concordpet_033roguevalleypet_072
cluster_3973, [52742005591], 2, megapet_037mypetwarehouse_033
cluster_4120, [74198613298], 4, megapet_102mypetwarehouse_179bigdogworld_023zoobio_079
cluster_4309, [74198610730], 3, countrymax_112mypetwarehouse_170bigdogworld_022
cluster_4294, [3182550733502], 3, miscota_162zooplus_087zoobio_059
cluster_3426, [52742910000], 2, horseandhound_022countrymax_077
cluster_3658, [840243107100], 2, petnutritioncenter_026healthypetcenters_070
cluster_181, [74198612420], 1, mypetwarehouse_168
cluster_209, [3182550793735], 1, zooplus_093
cluster_30, [840243105571], 1, countrymax_018
cluster_1128, [3182550839112], 1, zoobio_057
cluster_1666, [3182550723664], 1, miscota_081
cluster_2764, [859610005161], 1, healthypetcenters_119
cluster_3752, [840243120642], 2, healthypetcenters_040petnutritioncenter_065
cluster_2872, [859610003280], 1, petco_003
cluster_3209, [3182550777698], 2, megapet_041mypetwarehouse_121
cluster_2203, [30111517470], 1, petco_090
cluster_3162, [52742705514], 2, petco_035mypetwarehouse_040
cluster_4276, [723633606080], 3, dogsupplies_038petco_055healthypetcenters_257
cluster_2418, [52742113708], 1, megapet_018
cluster_3037, [30111169051], 2, concordpet_195petco_075
cluster_3307, [52742209906], 2, bitiba.co.uk_017bitiba.co.uk_018
cluster_2678, [74198611003], 1, petco_100
cluster_4409, [74198613311], 3, bitiba.co.uk_064megapet_103miscota_196
cluster_1740, [3182550838115], 1, zoobio_056
cluster_4516, [74198611164], 8, petsense_003petnutritioncenter_229healthypetcenters_310petsupplies_098horseandhound_144dog_061roguevalleypet_178petfood_051
cluster_4073, [859610008865], 4, healthypetcenters_180petnutritioncenter_154roguevalleypet_073concordpet_101
cluster_2194, [840243122189], 1, concordpet_067
cluster_4116, [52742670201], 3, horseandhound_014walmart_034countrymax_082
cluster_842, [52742769608], 1, miscota_039
cluster_436, [52742855400], 1, countrymax_063
cluster_4574, [30111454539], 6, petsense_019horseandhound_113petsupplies_082healthypetcenters_296petnutritioncenter_214roguevalleypet_162
cluster_2868, [840243122127], 1, concordpet_070
cluster_3087, [840243112593], 2, petnutritioncenter_059healthypetcenters_032
cluster_3787, [840243100217], 2, healthypetcenters_024dogsupplies_008
cluster_4049, [3182550778619], 3, zooplus_063zoomalia_034bitiba.co.uk_115
cluster_4510, [3182550722605], 5, miscota_171bitiba.co.uk_148zoomalia_050megapet_094zooplus_090
cluster_4398, [840243103065], 3, speckspet_011petnutritioncenter_052healthypetcenters_206
cluster_3816, [3182550821438], 2, mypetwarehouse_154bitiba.co.uk_103
cluster_27, [859610009077], 1, healthypetcenters_029
cluster_3971, [840243107230], 2, healthypetcenters_208petnutritioncenter_054
cluster_4252, [52742892504], 3, hardwarestore_035horseandhound_015walmart_006
cluster_3772, [74198611089], 2, countrymax_111mypetwarehouse_169
cluster_3166, [30111920317], 2, petsense_045petsupplies_056
cluster_3367, [859610007530], 2, petco_013concordpet_002
cluster_4051, [3182550715614], 3, miscota_108megapet_058mypetwarehouse_087
cluster_4612, [74198609642], 5, speckspet_008hardwarestore_044dog_048petfood_045petco_096
cluster_1517, [3182550751162], 1, bitiba.co.uk_157
cluster_1403, [3182550778732], 1, bitiba.co.uk_126
cluster_3288, [52742704807], 2, mypetwarehouse_063hardwarestore_024
cluster_3123, [723633444422], 2, petfood_076dog_085
cluster_4503, [30111418630], 5, concordpet_213roguevalleypet_161petnutritioncenter_213horseandhound_112countrymax_102
cluster_3993, [52742005188], 2, megapet_026mypetwarehouse_010
cluster_2520, [52742867809], 1, bitiba.co.uk_041
cluster_4311, [840243100798], 4, petnutritioncenter_023concordpet_019healthypetcenters_060roguevalleypet_016
cluster_1502, [3182550736053], 1, zoobio_042
cluster_1623, [859610003983], 1, petco_021
cluster_28, [52742522401], 1, miscota_041
cluster_1970, [840243122141], 1, concordpet_077
cluster_4326, [52742301426], 3, bitiba.co.uk_022miscota_028zoobio_008
cluster_2620, [840243102235], 1, speckspet_042
cluster_3662, [74198610723], 2, mypetwarehouse_182countrymax_109
cluster_3079, [52742923406], 2, countrymax_079walmart_023
cluster_4442, [723633420778], 4, healthypetcenters_243roguevalleypet_089horseandhound_047concordpet_136
cluster_2804, [74198609673], 1, petco_099
cluster_56, [52742917603], 1, bitiba.co.uk_043
cluster_3635, [859610005123], 2, dogsupplies_014healthypetcenters_214
cluster_366, [3182550765206], 1, megapet_087
cluster_839, [3182550778657], 1, miscota_137
cluster_4590, [859610005826], 6, concordpet_004roguevalleypet_010petsense_099healthypetcenters_012petsupplies_002petnutritioncenter_005
cluster_2430, [3182550793582], 1, bitiba.co.uk_130
cluster_73, [723633278423], 1, concordpet_148
cluster_4227, [723633602082], 3, healthypetcenters_254petco_067dogsupplies_034
cluster_4537, [30111511904], 7, horseandhound_068petnutritioncenter_182concordpet_173healthypetcenters_286petsense_048petsupplies_053roguevalleypet_107
cluster_1573, [52742648705], 1, mypetwarehouse_049
cluster_4282, [30111975164], 3, healthypetcenters_300petsense_015petsupplies_086
cluster_3485, [840243107254], 2, petnutritioncenter_055healthypetcenters_209
cluster_3243, [3182550715737], 2, miscota_092mypetwarehouse_076
cluster_4481, [840243105359], 5, countrymax_055horseandhound_012roguevalleypet_061petnutritioncenter_143healthypetcenters_157
cluster_3067, [52742005072], 2, megapet_010mypetwarehouse_062
cluster_4222, [840243103072], 3, petnutritioncenter_050speckspet_014healthypetcenters_204
cluster_4525, [3182550715744], 6, bitiba.co.uk_092mypetwarehouse_075bigdogworld_001zoobio_034megapet_051zooplus_044
cluster_3135, [840243120970], 2, healthypetcenters_194petnutritioncenter_161
cluster_4123, [3182550401937], 4, bitiba.co.uk_109zooplus_058bigdogworld_011zoomalia_030
cluster_4289, [30111823458], 4, healthypetcenters_282petsupplies_051petnutritioncenter_178petsense_050
cluster_4371, [840243112500], 3, healthypetcenters_085petnutritioncenter_097speckspet_010
cluster_917, [3182550743464], 1, miscota_190
cluster_2397, [3182550792929], 1, miscota_135
cluster_1717, [859610006519], 1, healthypetcenters_166
cluster_4573, [840243117277], 5, healthypetcenters_149roguevalleypet_056countrymax_049concordpet_082petnutritioncenter_135
cluster_2496, [840243122288], 1, healthypetcenters_124
cluster_860, [3182550831109], 1, miscota_160
cluster_4421, [3182550795197], 3, bitiba.co.uk_133miscota_134zoobio_071
cluster_1736, [723633440653], 1, healthypetcenters_252
cluster_4452, [3182550852678], 3, miscota_125mypetwarehouse_109megapet_073
cluster_1739, [52742007205], 1, mypetwarehouse_014
cluster_3353, [840243105366], 2, dog_041petfood_035
cluster_2318, [52742006437], 1, petco_041
cluster_1109, [3182550716857], 1, zoobio_046
cluster_1833, [859610007943], 1, speckspet_030
cluster_1235, [9003579002728], 1, mypetwarehouse_115
cluster_1244, [52742204000], 1, countrymax_070
cluster_4303, [3182550402163], 4, zoomalia_033zooplus_062bitiba.co.uk_116bigdogworld_017
cluster_1794, [859610002757], 1, petco_012
cluster_1280, [52742180700], 1, bitiba.co.uk_015
cluster_3112, [859610006908], 2, healthypetcenters_062petnutritioncenter_085
cluster_1957, [3182550781954], 1, miscota_178
cluster_4323, [52742204109], 3, petco_048horseandhound_020walmart_014
cluster_4580, [723633278447], 5, roguevalleypet_093concordpet_145horseandhound_051petsense_063petsupplies_038
cluster_3196, [52742001807], 2, megapet_028mypetwarehouse_059
cluster_4140, [859610000050], 4, petfood_038dog_044petco_010concordpet_054
cluster_4390, [859610000036], 3, concordpet_055dog_043petfood_037
cluster_3740, [859610005505], 2, dogsupplies_022healthypetcenters_163
cluster_3756, [3182550732154], 2, megapet_064mypetwarehouse_093
cluster_3833, [840243106530], 2, healthypetcenters_056petnutritioncenter_081
cluster_4479, [74198612437], 4, megapet_111mypetwarehouse_167zooplus_100zoomalia_055
cluster_3368, [52742693804], 2, mypetwarehouse_019megapet_013
cluster_3634, [723633852173], 2, healthypetcenters_225dogsupplies_030
cluster_306, [52742203607], 1, walmart_020
cluster_1143, [723633446075], 1, healthypetcenters_217
cluster_2247, [52742000633], 1, bitiba.co.uk_001
cluster_3330, [859610005772], 2, countrymax_004concordpet_006
cluster_4434, [74198612277], 3, zoobio_076miscota_192megapet_099
cluster_2932, [840243104888], 2, petfood_057dog_075
cluster_4447, [52742936604], 3, horseandhound_029hardwarestore_019walmart_038
cluster_165, [30111512611], 1, concordpet_233
cluster_3597, [74198611454], 2, bigdogworld_027countrymax_119
cluster_4406, [3182550751216], 3, miscota_169zoobio_043bitiba.co.uk_146
cluster_4077, [723633400060], 3, petfood_088healthypetcenters_231dog_076
cluster_4506, [30111517968], 6, petco_092petsense_030petsupplies_071horseandhound_119roguevalleypet_138concordpet_221
cluster_626, [52742015866], 1, zoobio_019
cluster_784, [723633126465], 1, healthypetcenters_234
cluster_787, [30111450913], 1, concordpet_210
cluster_2048, [840243101511], 1, healthypetcenters_203
cluster_3028, [52742005065], 2, mypetwarehouse_061megapet_007
cluster_4579, [723633278416], 6, petsense_062horseandhound_052petsupplies_039concordpet_147healthypetcenters_259roguevalleypet_094
cluster_1995, [3182550760393], 1, miscota_060
cluster_4396, [52742818306], 4, walmart_022countrymax_078horseandhound_018hardwarestore_014
cluster_4260, [30111493873], 3, horseandhound_060roguevalleypet_146concordpet_164
cluster_2667, [723633331050], 1, petnutritioncenter_172
cluster_263, [52742007212], 1, mypetwarehouse_013
cluster_3374, [3182550852319], 2, megapet_075miscota_126
cluster_1493, [52742931708], 1, mypetwarehouse_056
cluster_1281, [52742704005], 1, hardwarestore_005
cluster_1766, [52742204307], 1, petco_038
cluster_578, [723633520652], 1, concordpet_107
cluster_3490, [30111175311], 2, petsupplies_087petsense_014
cluster_2165, [859610007684], 1, speckspet_032
cluster_1601, [52742613901], 1, bitiba.co.uk_032
cluster_3636, [840243100811], 2, countrymax_021concordpet_020
cluster_4063, [840243105397], 4, petnutritioncenter_002dog_028petfood_041countrymax_003
cluster_2635, [3182550723695], 1, miscota_082
cluster_3822, [840243122769], 2, healthypetcenters_136dogsupplies_001
cluster_3508, [859610005086], 2, healthypetcenters_213dogsupplies_012
cluster_268, [52742007250], 1, mypetwarehouse_015
cluster_4493, [30111450630], 7, countrymax_094petnutritioncenter_192petsupplies_057petsense_044concordpet_179roguevalleypet_116horseandhound_076
cluster_2926, [840243104130], 2, petnutritioncenter_009healthypetcenters_017
cluster_4297, [840243100033], 3, roguevalleypet_004healthypetcenters_004concordpet_010
cluster_3362, [30111494177], 2, concordpet_193countrymax_097
cluster_4591, [30111519405], 6, healthypetcenters_291petsense_032roguevalleypet_134petnutritioncenter_204horseandhound_091petsupplies_069
cluster_4186, [840243100828], 4, concordpet_022petnutritioncenter_031roguevalleypet_023healthypetcenters_076
cluster_4055, [30111178039], 3, concordpet_178countrymax_093petco_084
cluster_2183, [52742522005], 1, miscota_042
cluster_2495, [840243102327], 1, speckspet_041
cluster_3663, [859610002665], 2, petfood_026dog_008
cluster_1353, [52742312200], 1, zoobio_007
cluster_4187, [3182550709972], 4, miscota_136mypetwarehouse_123megapet_097bitiba.co.uk_134
cluster_4143, [3182550803113], 4, zoobio_064bitiba.co.uk_110mypetwarehouse_095bigdogworld_013
cluster_4402, [723633420686], 4, healthypetcenters_277roguevalleypet_101concordpet_162horseandhound_059
cluster_1798, [3182550758314], 1, bitiba.co.uk_168
cluster_4242, [859610005727], 4, petnutritioncenter_140concordpet_088roguevalleypet_059healthypetcenters_154
cluster_3217, [859610005529], 2, healthypetcenters_164dogsupplies_026
cluster_2596, [3182550771122], 1, bitiba.co.uk_160
cluster_450, [723633787550], 1, petfood_065
cluster_2879, [840243122356], 1, healthypetcenters_120
cluster_3534, [52742015842], 2, bitiba.co.uk_011miscota_051
cluster_4531, [74198611133], 6, horseandhound_142petsense_005petsupplies_096petnutritioncenter_226roguevalleypet_176healthypetcenters_307
cluster_3956, [52742007045], 2, horseandhound_027petco_042
cluster_3540, [840243121038], 2, petnutritioncenter_163healthypetcenters_196
cluster_3962, [840243105458], 2, dog_026petfood_033
cluster_1208, [52742151403], 1, hardwarestore_003
cluster_949, [859610003266], 1, countrymax_016
cluster_2336, [52742923902], 1, mypetwarehouse_060
cluster_2976, [840243104826], 2, petnutritioncenter_010healthypetcenters_018
cluster_3033, [74198610976], 2, petfood_049dog_049
cluster_183, [52742304502], 1, countrymax_107
cluster_3256, [3182550815505], 2, bitiba.co.uk_173miscota_181
cluster_1269, [859610005147], 1, healthypetcenters_118
cluster_4566, [30111454331], 6, countrymax_098concordpet_196horseandhound_090petco_079roguevalleypet_131petnutritioncenter_202
cluster_4362, [52742927404], 3, bitiba.co.uk_056zooplus_098miscota_009
cluster_1465, [3182550743495], 1, zoobio_028
cluster_2665, [3182550803106], 1, miscota_114
cluster_1609, [52742313009], 1, miscota_031
cluster_4601, [3182550719766], 5, mypetwarehouse_148zoobio_026megapet_038bitiba.co.uk_073zooplus_027
cluster_499, [723633331029], 1, petnutritioncenter_170
cluster_2235, [52742312804], 1, zoobio_006
cluster_395, [3182550782043], 1, miscota_165
cluster_4278, [859610005185], 3, healthypetcenters_026speckspet_062dogsupplies_004
cluster_2785, [30111457875], 1, concordpet_188
cluster_1663, [3182550716918], 1, zooplus_079
cluster_3297, [52742923901], 2, walmart_026countrymax_081
cluster_1039, [840243105540], 1, countrymax_015
cluster_3619, [74198611140], 2, speckspet_007petco_103
cluster_4010, [52742203904], 2, hardwarestore_027walmart_017
cluster_4169, [840243101016], 4, roguevalleypet_014concordpet_032petnutritioncenter_045healthypetcenters_030
cluster_1868, [52742011882], 1, mypetwarehouse_038
cluster_1414, [52742665405], 1, bitiba.co.uk_066
cluster_3867, [859610000951], 2, countrymax_019speckspet_051
cluster_4397, [30111513601], 4, concordpet_244horseandhound_133petnutritioncenter_217roguevalleypet_165
cluster_2002, [3182550710879], 1, miscota_147
cluster_548, [723633012546], 1, petco_058
cluster_3809, [840243112524], 2, healthypetcenters_081petnutritioncenter_093
cluster_2034, [3182550761949], 1, miscota_148
cluster_3808, [3182550755344], 2, megapet_091mypetwarehouse_136
cluster_334, [3182550779456], 1, bitiba.co.uk_095
cluster_2314, [52742011325], 1, miscota_046
cluster_517, [52742008240], 1, miscota_050
cluster_4066, [3182550730587], 3, mypetwarehouse_128miscota_139bitiba.co.uk_138
cluster_4122, [723633420341], 4, roguevalleypet_080healthypetcenters_230concordpet_115horseandhound_038
cluster_4395, [30111519436], 4, roguevalleypet_106horseandhound_066petnutritioncenter_180healthypetcenters_283
cluster_3912, [52742853307], 2, mypetwarehouse_006megapet_023
cluster_4553, [74198610778], 5, petnutritioncenter_227healthypetcenters_308petco_105concordpet_252mypetwarehouse_172
cluster_2212, [3182550761918], 1, miscota_142
cluster_113, [859610006755], 1, concordpet_041
cluster_2441, [840243105274], 1, concordpet_063
cluster_4264, [30111520739], 4, healthypetcenters_280petnutritioncenter_176roguevalleypet_104horseandhound_064
cluster_2598, [52742312705], 1, zoobio_001
cluster_573, [52742936802], 1, walmart_001
cluster_1822, [723633440646], 1, healthypetcenters_261
cluster_3245, [3182550743433], 2, mypetwarehouse_082miscota_098
cluster_4111, [840243112609], 4, petfood_012petnutritioncenter_060dog_015healthypetcenters_033
cluster_4389, [74198612475], 4, mypetwarehouse_176zoomalia_057megapet_113zooplus_102
cluster_4090, [3182550748032], 3, zooplus_089zoomalia_049bitiba.co.uk_147
cluster_4270, [30111518231], 3, roguevalleypet_137concordpet_220horseandhound_118
cluster_3433, [859610000302], 2, petfood_021dog_021
cluster_4592, [723633278478], 6, horseandhound_050petsense_064petsupplies_037roguevalleypet_092concordpet_143healthypetcenters_258
cluster_3186, [52742327600], 2, bitiba.co.uk_025zoobio_021
cluster_4535, [3182550822121], 5, miscota_106megapet_056mypetwarehouse_084bitiba.co.uk_102zooplus_053
cluster_3837, [3182550837958], 2, miscota_177zoobio_054
cluster_1722, [3182550765398], 1, bitiba.co.uk_174
cluster_4621, [74198612697], 9, concordpet_248petnutritioncenter_221countrymax_108horseandhound_138healthypetcenters_302mypetwarehouse_164petsense_009petsupplies_092roguevalleypet_172
cluster_424, [3182550710916], 1, miscota_182
cluster_651, [30111512147], 1, concordpet_217
cluster_669, [52742609607], 1, bitiba.co.uk_031
cluster_2444, [3182550838429], 1, zoobio_049
cluster_1511, [3182550853446], 1, miscota_141
cluster_3343, [52742005249], 2, megapet_029mypetwarehouse_012
cluster_3312, [3182550821773], 2, bitiba.co.uk_071mypetwarehouse_071
cluster_712, [3182550853453], 1, bitiba.co.uk_165
cluster_3828, [859610006861], 2, healthypetcenters_053petnutritioncenter_078
cluster_2765, [30111453327], 1, concordpet_208
cluster_4469, [3182550821766], 3, mypetwarehouse_138zoobio_023miscota_063
cluster_1162, [3182550748315], 1, bitiba.co.uk_180
cluster_4507, [30111512529], 6, petsense_025roguevalleypet_149concordpet_229horseandhound_103petsupplies_076horseandhound_124
cluster_3077, [840243120543], 2, healthypetcenters_047petnutritioncenter_072
cluster_4446, [3182550402286], 3, megapet_070mypetwarehouse_103bitiba.co.uk_119
cluster_1829, [859610005734], 1, concordpet_091
cluster_1254, [52742666204], 1, bitiba.co.uk_068
cluster_4170, [3182550402217], 4, megapet_068bigdogworld_018bitiba.co.uk_120mypetwarehouse_104
cluster_4099, [840243104956], 4, speckspet_063petfood_004countrymax_007dog_001
cluster_3358, [3182550733441], 2, zooplus_086bitiba.co.uk_145
cluster_1016, [3182550710046], 1, miscota_189
cluster_4611, [3182550707046], 5, zoomalia_025zooplus_048bigdogworld_005bitiba.co.uk_097miscota_096
cluster_876, [9003579311509], 1, mypetwarehouse_124
cluster_3644, [52742005478], 2, megapet_008mypetwarehouse_058
cluster_4383, [3182550787581], 3, zooplus_029bitiba.co.uk_104miscota_110
cluster_4093, [859610008872], 4, concordpet_029petnutritioncenter_039healthypetcenters_168roguevalleypet_065
cluster_3505, [74198611386], 2, petfood_059dog_063
cluster_7, [3182550760287], 1, miscota_150
cluster_2531, [52742855509], 1, countrymax_066
cluster_2661, [840243101337], 1, healthypetcenters_191
cluster_2251, [30111520807], 1, countrymax_096
cluster_2962, [859610008353], 2, dogsupplies_003healthypetcenters_028
cluster_1788, [3182550797399], 1, miscota_173
cluster_1147, [9003579311493], 1, mypetwarehouse_118
cluster_3665, [52742887203], 2, walmart_030hardwarestore_002
cluster_3494, [3182550793841], 2, zoobio_074miscota_187
cluster_4023, [52742809700], 3, bitiba.co.uk_039miscota_005zooplus_015
cluster_4588, [3182550743440], 5, mypetwarehouse_081zooplus_050bitiba.co.uk_099zoobio_035bigdogworld_006
cluster_3615, [3182550747820], 2, zooplus_032zoomalia_015
cluster_3651, [52742005317], 2, megapet_024mypetwarehouse_007
cluster_2548, [723633440608], 1, healthypetcenters_251
cluster_3775, [3182550821421], 2, mypetwarehouse_085megapet_055
cluster_4594, [840243105304], 6, speckspet_038healthypetcenters_117roguevalleypet_046countrymax_043concordpet_064petnutritioncenter_124
cluster_3802, [3182550853378], 2, mypetwarehouse_156bitiba.co.uk_132
cluster_3582, [723633852197], 2, dogsupplies_032healthypetcenters_227
cluster_3578, [74198611157], 2, countrymax_114speckspet_004
cluster_3075, [3182550807074], 2, zooplus_081bitiba.co.uk_137
cluster_1360, [3182550751254], 1, miscota_099
cluster_4214, [52742382104], 4, mypetwarehouse_001megapet_030walmart_011horseandhound_025
cluster_4577, [74198609697], 7, petsupplies_100horseandhound_146healthypetcenters_315roguevalleypet_180petsense_001petnutritioncenter_234zoobio_082
cluster_824, [3182550760164], 1, miscota_107
cluster_2995, [840243106301], 2, healthypetcenters_057petnutritioncenter_082
cluster_215, [3182550831345], 1, zoobio_073
cluster_1389, [52742015767], 1, miscota_053
cluster_3194, [859610005109], 2, healthypetcenters_215dogsupplies_015
cluster_1405, [840243101306], 1, healthypetcenters_190
cluster_4121, [3182550402224], 4, mypetwarehouse_094megapet_065zoobio_062miscota_113
cluster_66, [723633012560], 1, petco_070
cluster_3199, [3182550771207], 2, miscota_085bitiba.co.uk_167
cluster_153, [723633440585], 1, healthypetcenters_264
cluster_2552, [3182550732994], 1, mypetwarehouse_086
cluster_4527, [840243122165], 5, roguevalleypet_047concordpet_066healthypetcenters_121petsupplies_018petsense_083
cluster_344, [30111412232], 1, concordpet_201
cluster_758, [52742300696], 1, miscota_032
cluster_3517, [859610005260], 2, dogsupplies_009healthypetcenters_034
cluster_20, [52742606002], 1, miscota_016
cluster_1724, [30111426024], 1, petco_089
cluster_1840, [52742909905], 1, walmart_025
cluster_4348, [859610005895], 4, petfood_018healthypetcenters_144dog_095petnutritioncenter_132
cluster_4295, [859610007523], 4, petnutritioncenter_003concordpet_001roguevalleypet_006healthypetcenters_006
cluster_4080, [859610005802], 4, petnutritioncenter_013healthypetcenters_021concordpet_008roguevalleypet_013
cluster_1363, [52742889405], 1, petco_039
cluster_4158, [74198609598], 3, petfood_047dog_053hardwarestore_046
cluster_1112, [3182550839822], 1, bitiba.co.uk_171
cluster_4181, [30111920416], 3, petsupplies_070petsense_031healthypetcenters_292
cluster_453, [3182550730570], 1, zoobio_039
cluster_4219, [52742016016], 3, hardwarestore_017horseandhound_017petco_034
cluster_1508, [723633126441], 1, healthypetcenters_233
cluster_2279, [723633612005], 1, dogsupplies_028
cluster_2108, [3182550778770], 1, miscota_119
cluster_2078, [859610000210], 1, speckspet_058
cluster_3991, [840243107223], 2, petnutritioncenter_038healthypetcenters_167
cluster_4500, [74198612659], 8, petsupplies_093horseandhound_139mypetwarehouse_180roguevalleypet_173petsense_008countrymax_115petnutritioncenter_222healthypetcenters_303
cluster_3226, [3182550771054], 2, miscota_088bitiba.co.uk_158
cluster_4154, [3182550402149], 3, miscota_117megapet_067mypetwarehouse_098
cluster_4524, [840243105335], 8, petsense_080petfood_079healthypetcenters_146petnutritioncenter_133dog_055petsupplies_021horseandhound_011roguevalleypet_055
cluster_3197, [840243120956], 2, healthypetcenters_193petnutritioncenter_160
cluster_1742, [52742459301], 1, countrymax_069
cluster_4603, [859610000425], 5, petnutritioncenter_114roguevalleypet_036concordpet_050countrymax_031healthypetcenters_107
cluster_4344, [3182550813211], 4, miscota_077mypetwarehouse_143bitiba.co.uk_084megapet_045
cluster_4517, [74198611188], 5, healthypetcenters_311concordpet_253petnutritioncenter_230mypetwarehouse_184petco_106
cluster_194, [3182550774536], 1, zoobio_065
cluster_4539, [74198610754], 5, petnutritioncenter_233concordpet_255healthypetcenters_314mypetwarehouse_192petco_109
cluster_3460, [52742111902], 2, mypetwarehouse_065megapet_011
cluster_2639, [52742698007], 1, mypetwarehouse_054
cluster_790, [723633331012], 1, petnutritioncenter_166
cluster_4473, [30111222237], 4, horseandhound_065petnutritioncenter_179roguevalleypet_105concordpet_172
cluster_4225, [859610005468], 4, speckspet_022petco_014dogsupplies_024healthypetcenters_185
cluster_2323, [3182550711067], 1, miscota_084
cluster_1776, [3182550778688], 1, bitiba.co.uk_136
cluster_1480, [3182550732239], 1, mypetwarehouse_092
cluster_360, [52742008189], 1, miscota_054
cluster_3481, [3182550743471], 2, zooplus_096bitiba.co.uk_155
cluster_4110, [52742886008], 3, horseandhound_026countrymax_074hardwarestore_011
cluster_3136, [52742005393], 2, mypetwarehouse_066megapet_014
cluster_4388, [723633277136], 3, concordpet_119petsense_072petsupplies_029
cluster_4460, [723633428651], 3, petsupplies_043petsense_058concordpet_154
cluster_3718, [840243106523], 2, petnutritioncenter_079healthypetcenters_054
cluster_923, [3182550711340], 1, bitiba.co.uk_175
cluster_2390, [723633440639], 1, healthypetcenters_253
cluster_3059, [52742301433], 2, bitiba.co.uk_023miscota_030
cluster_1422, [840243102419], 1, healthypetcenters_094
cluster_1224, [30111453037], 1, concordpet_206
cluster_3010, [723633440394], 2, petfood_087dog_077
cluster_4536, [859610000029], 6, petnutritioncenter_110roguevalleypet_031dog_018healthypetcenters_102horseandhound_005countrymax_024
cluster_944, [52742705705], 1, hardwarestore_031
cluster_3786, [3182550795203], 2, zoomalia_044zooplus_075
cluster_1861, [3182550802734], 1, miscota_123
cluster_1201, [30111517432], 1, concordpet_228
cluster_3818, [840243121052], 2, petnutritioncenter_092healthypetcenters_079
cluster_4026, [30111975171], 3, petsense_020healthypetcenters_295petsupplies_081
cluster_106, [723633520669], 1, concordpet_106
cluster_2432, [3182550723671], 1, bitiba.co.uk_169
cluster_4302, [723633622080], 3, petco_056dogsupplies_033healthypetcenters_256
cluster_4443, [3182550853408], 4, zoomalia_038zooplus_068mypetwarehouse_108bitiba.co.uk_123
cluster_4275, [74198612512], 4, megapet_107zoobio_081mypetwarehouse_188bigdogworld_026
cluster_2957, [859610002733], 2, petfood_034dog_040
cluster_2490, [52742282206], 1, miscota_021
cluster_757, [840243122080], 1, concordpet_074
cluster_2400, [3182550774604], 1, zoobio_063
cluster_3260, [52742253305], 2, megapet_017walmart_029
cluster_3463, [3182550787833], 2, zooplus_072bitiba.co.uk_127
cluster_3447, [840243106400], 2, healthypetcenters_165petnutritioncenter_149
cluster_4544, [840243104871], 8, petnutritioncenter_119speckspet_055petfood_056countrymax_039dog_074horseandhound_010roguevalleypet_041healthypetcenters_112
cluster_364, [3182550793568], 1, miscota_188
cluster_454, [3182550743228], 1, megapet_093
cluster_4052, [723633420655], 3, dog_070concordpet_160petfood_083
cluster_1242, [3182550799140], 1, bitiba.co.uk_166
cluster_4112, [723633420075], 4, healthypetcenters_219roguevalleypet_077horseandhound_035concordpet_104
cluster_1830, [52742928807], 1, hardwarestore_037
cluster_4360, [74198612451], 3, miscota_195megapet_114mypetwarehouse_177
cluster_4616, [30111512109], 5, roguevalleypet_169healthypetcenters_301horseandhound_134horseandhound_135concordpet_245
cluster_432, [3182550797351], 1, miscota_172
cluster_2895, [74198612703], 1, concordpet_250
cluster_4133, [859610000067], 4, petfood_030petco_005speckspet_054dog_020
cluster_2461, [859610001972], 1, petco_017
cluster_4200, [3182550722544], 4, bitiba.co.uk_080megapet_044zooplus_033mypetwarehouse_139
cluster_836, [74198611218], 1, petco_107
cluster_4284, [52742926902], 3, bitiba.co.uk_050zoomalia_002zooplus_006
cluster_2046, [840243101535], 1, healthypetcenters_201
cluster_1551, [52742765303], 1, miscota_010
cluster_468, [52742817804], 1, countrymax_060
cluster_4581, [30111517760], 5, concordpet_225horseandhound_122roguevalleypet_144petsense_027petsupplies_074
cluster_2363, [74198612352], 1, mypetwarehouse_187
cluster_1656, [52742151502], 1, hardwarestore_012
cluster_1565, [52742704814], 1, mypetwarehouse_064
cluster_4104, [74198609567], 4, dog_060petco_097speckspet_001petfood_055
cluster_3608, [840243120789], 2, petnutritioncenter_159healthypetcenters_189
cluster_3560, [3182550821391], 2, miscota_105zoobio_036
cluster_3395, [840243106516], 2, petnutritioncenter_103healthypetcenters_092
cluster_4131, [3182550811637], 3, mypetwarehouse_073megapet_049bitiba.co.uk_090
cluster_400, [52742421506], 1, bitiba.co.uk_029
cluster_4496, [859610000364], 7, petnutritioncenter_111healthypetcenters_103dog_033roguevalleypet_032countrymax_029petfood_019horseandhound_006
cluster_3701, [859610001958], 2, petfood_023dog_035
cluster_562, [52742926308], 1, bitiba.co.uk_047
cluster_4549, [30111412263], 5, concordpet_200petsupplies_073roguevalleypet_142horseandhound_095petsense_028
cluster_4256, [723633420389], 4, concordpet_151roguevalleypet_095horseandhound_053healthypetcenters_266
cluster_4249, [840243105465], 3, petnutritioncenter_017concordpet_014petco_004
cluster_3427, [52742005379], 2, megapet_012mypetwarehouse_008
cluster_1795, [723633420624], 1, concordpet_113
cluster_3113, [3182550808347], 2, megapet_062mypetwarehouse_101
cluster_4354, [3182550773829], 3, miscota_124megapet_072mypetwarehouse_107
cluster_2706, [859610005901], 1, countrymax_005
cluster_4554, [840243105236], 7, petnutritioncenter_112countrymax_028petsense_090roguevalleypet_033healthypetcenters_104petsupplies_011concordpet_048
cluster_3069, [840243121137], 2, petnutritioncenter_061healthypetcenters_035
cluster_4274, [840243104055], 4, petnutritioncenter_129concordpet_079roguevalleypet_053healthypetcenters_141
cluster_3290, [52742143101], 2, hardwarestore_013mypetwarehouse_070
cluster_4314, [30111181305], 4, petnutritioncenter_195roguevalleypet_120horseandhound_080concordpet_183
cluster_1525, [723633440455], 1, healthypetcenters_220
cluster_4213, [840243104093], 4, roguevalleypet_052healthypetcenters_140petnutritioncenter_128concordpet_078
cluster_1325, [840243122325], 1, healthypetcenters_126
cluster_1882, [859610006762], 1, concordpet_040
cluster_4231, [30111517463], 4, concordpet_227horseandhound_123roguevalleypet_145horseandhound_099
cluster_4022, [74198611393], 4, petfood_060speckspet_002petco_101dog_064
cluster_4559, [30111451521], 7, concordpet_214petnutritioncenter_215horseandhound_114petsupplies_083roguevalleypet_163petsense_018countrymax_103
cluster_2240, [723633429474], 1, concordpet_123
cluster_4210, [52742713908], 3, hardwarestore_040horseandhound_030countrymax_091
cluster_3161, [840243121755], 2, petnutritioncenter_014healthypetcenters_022
cluster_4604, [3182550853347], 5, zoomalia_031bitiba.co.uk_112mypetwarehouse_097bigdogworld_014zooplus_060
cluster_4515, [74198612369], 5, zoomalia_058megapet_104zooplus_103mypetwarehouse_185bigdogworld_024
cluster_627, [52742015989], 1, petco_029
cluster_2149, [859610008797], 1, petco_008
cluster_122, [30111510518], 1, concordpet_169
cluster_363, [52742201108], 1, miscota_040
cluster_649, [840243121472], 1, dogsupplies_021
cluster_4618, [840243105243], 10, roguevalleypet_037petsupplies_013healthypetcenters_108petfood_014petsense_088concordpet_052petnutritioncenter_115dog_011horseandhound_008countrymax_032
cluster_3104, [840243104963], 2, speckspet_036countrymax_045
cluster_3102, [3182550801003], 2, miscota_062bitiba.co.uk_176
cluster_4593, [30111526830], 5, healthypetcenters_297horseandhound_117concordpet_219petnutritioncenter_203roguevalleypet_133
cluster_4234, [859610000173], 4, dog_093petfood_091petco_002speckspet_056
cluster_4310, [3182550852586], 3, miscota_116zooplus_061zoomalia_032
cluster_1009, [52742917801], 1, bitiba.co.uk_044
cluster_2881, [3182550761840], 1, miscota_143
cluster_2160, [723633126489], 1, healthypetcenters_273
cluster_1469, [52742007564], 1, bitiba.co.uk_003
cluster_3216, [840243112364], 2, healthypetcenters_142petnutritioncenter_130
cluster_1442, [9003579311479], 1, mypetwarehouse_120
cluster_3017, [840243106387], 2, petnutritioncenter_096healthypetcenters_084
cluster_4315, [723633420808], 4, concordpet_137dog_082petfood_073petco_052
cluster_4445, [30111464415], 3, roguevalleypet_140concordpet_202horseandhound_096
cluster_4462, [30111464545], 3, roguevalleypet_143concordpet_203horseandhound_097
cluster_983, [3182550773850], 1, miscota_115
cluster_605, [3182550831086], 1, bitiba.co.uk_178
cluster_4578, [30111510532], 5, concordpet_168horseandhound_062roguevalleypet_102petnutritioncenter_173healthypetcenters_278
cluster_1255, [30111451088], 1, concordpet_237
cluster_1664, [3182550778787], 1, bitiba.co.uk_117
cluster_4251, [74198611096], 3, bigdogworld_025mypetwarehouse_183countrymax_116
cluster_388, [723633446112], 1, healthypetcenters_262
cluster_251, [3182550765220], 1, miscota_087
cluster_502, [859610006496], 1, healthypetcenters_145
cluster_2057, [723633808552], 1, petfood_069
cluster_2158, [859610008315], 1, speckspet_031
cluster_2453, [3182550842150], 1, miscota_156
cluster_2173, [9003579001646], 1, mypetwarehouse_132
cluster_4602, [840243105144], 5, healthypetcenters_110petnutritioncenter_117countrymax_036roguevalleypet_039concordpet_056
cluster_4086, [52742282107], 3, miscota_019zoobio_014bitiba.co.uk_020
cluster_3903, [859610006922], 2, petnutritioncenter_090healthypetcenters_067
cluster_4046, [52742909707], 4, walmart_004hardwarestore_001petco_045countrymax_075
cluster_3753, [52742909509], 2, countrymax_089walmart_024
cluster_4514, [3182550402170], 7, bitiba.co.uk_129zooplus_073zoomalia_042megapet_078mypetwarehouse_116zoobio_068miscota_130
cluster_4203, [840243122103], 3, concordpet_069roguevalleypet_048healthypetcenters_123
cluster_713, [52742855806], 1, countrymax_064
cluster_903, [52742454801], 1, countrymax_083
cluster_3884, [859610007455], 2, countrymax_034concordpet_047
cluster_3700, [840243106325], 2, healthypetcenters_055petnutritioncenter_080
cluster_4367, [52742001838], 3, petco_028walmart_039countrymax_073
cluster_483, [3182550774550], 1, zoobio_066
cluster_2193, [840243111695], 1, concordpet_081
cluster_3319, [52742937700], 2, petco_032walmart_002
cluster_4486, [74198609581], 7, hardwarestore_048healthypetcenters_309petsense_004petnutritioncenter_228horseandhound_143petsupplies_097roguevalleypet_177
cluster_402, [30111920218], 1, petco_095
cluster_907, [3182550798945], 1, miscota_083
cluster_4081, [840243103058], 3, speckspet_017healthypetcenters_205petnutritioncenter_051
cluster_1077, [52742770307], 1, miscota_007
cluster_4327, [3182550793049], 3, mypetwarehouse_160zooplus_078megapet_083
cluster_4232, [840243103089], 3, speckspet_015petnutritioncenter_053healthypetcenters_207
cluster_4134, [859610007448], 4, roguevalleypet_029healthypetcenters_100petnutritioncenter_109concordpet_046
cluster_4139, [30111453938], 4, horseandhound_070healthypetcenters_288petnutritioncenter_186roguevalleypet_111
cluster_1231, [52742281803], 1, miscota_024
cluster_4153, [3182550778725], 3, zooplus_071zoomalia_041miscota_127
cluster_2516, [3182550765381], 1, miscota_068
cluster_703, [3182550807043], 1, miscota_138
cluster_4285, [840243120116], 4, concordpet_095petnutritioncenter_148healthypetcenters_162roguevalleypet_064
cluster_2014, [52742008936], 1, miscota_038
cluster_2876, [52742312507], 1, miscota_026
cluster_1259, [52742176901], 1, hardwarestore_020
cluster_4576, [30111418203], 5, concordpet_199horseandhound_094roguevalleypet_136horseandhound_093petnutritioncenter_206
cluster_3673, [840243100200], 2, healthypetcenters_023dogsupplies_002
cluster_1963, [52742143309], 1, hardwarestore_034
cluster_3593, [840243112920], 2, speckspet_020countrymax_054
cluster_3587, [859610007509], 2, roguevalleypet_002healthypetcenters_002
cluster_48, [3182550710947], 1, miscota_168
cluster_2992, [840243106318], 2, petnutritioncenter_083healthypetcenters_058
cluster_3373, [52742253404], 2, mypetwarehouse_055walmart_010
cluster_4064, [859610000357], 3, petfood_092dog_038concordpet_045
cluster_3269, [3182550743945], 2, mypetwarehouse_078bitiba.co.uk_074
cluster_2849, [3182550842075], 1, miscota_157
cluster_1150, [52742002835], 1, bitiba.co.uk_002
cluster_4564, [30111451620], 7, petsense_036roguevalleypet_121concordpet_184petnutritioncenter_196horseandhound_081petsupplies_065countrymax_095
cluster_3316, [52742313207], 2, zoobio_004miscota_033
cluster_3747, [840243120505], 2, healthypetcenters_052petnutritioncenter_077
cluster_1290, [3182550771047], 1, bitiba.co.uk_161
cluster_2338, [52742866901], 1, bitiba.co.uk_040
cluster_4585, [723633420563], 6, horseandhound_044petsense_053concordpet_129petsupplies_048roguevalleypet_086healthypetcenters_240
cluster_3270, [840243120628], 2, petnutritioncenter_075healthypetcenters_050
cluster_4074, [3182550782203], 4, megapet_063mypetwarehouse_091bitiba.co.uk_107zooplus_056
cluster_879, [3182550771030], 1, miscota_089
cluster_2606, [3182550832540], 1, miscota_184
cluster_2100, [52742946207], 1, miscota_015
cluster_3483, [52742113906], 2, megapet_019mypetwarehouse_068
cluster_990, [52742883908], 1, petco_026
cluster_3561, [30111920867], 2, petsense_042petsupplies_059
cluster_3377, [723633852180], 2, dogsupplies_031healthypetcenters_226
cluster_3998, [840243123032], 2, healthypetcenters_134dogsupplies_007
cluster_2138, [3182550760362], 1, miscota_149
cluster_3544, [52742815909], 2, hardwarestore_036countrymax_085
cluster_3879, [3182550777674], 2, zoomalia_022zooplus_043
cluster_3266, [52742887005], 2, countrymax_058hardwarestore_016
cluster_387, [840243122172], 1, concordpet_068
cluster_2005, [3182550838320], 1, zoobio_055
cluster_3486, [52742005485], 2, megapet_031mypetwarehouse_023
cluster_1106, [840243105687], 1, concordpet_061
cluster_4560, [840243105427], 5, petsense_100healthypetcenters_001horseandhound_001petsupplies_001roguevalleypet_001
cluster_1817, [30111510815], 1, concordpet_171
cluster_478, [52742015781], 1, bitiba.co.uk_009
cluster_4556, [723633420761], 6, petsupplies_045roguevalleypet_099healthypetcenters_270concordpet_157petsense_056horseandhound_057
cluster_4520, [3182550707077], 6, bitiba.co.uk_096bigdogworld_004zoomalia_024miscota_095zooplus_047mypetwarehouse_080
cluster_2211, [52742798905], 1, miscota_003
cluster_2560, [30111483829], 1, petco_085
cluster_3039, [859610006809], 2, speckspet_047petco_006
cluster_2050, [3182550717687], 1, bitiba.co.uk_179
cluster_278, [52742693309], 1, mypetwarehouse_025
cluster_2532, [3182550783910], 1, bitiba.co.uk_170
cluster_880, [52742143316], 1, petco_044
cluster_3941, [52742891804], 2, zooplus_020bitiba.co.uk_069
cluster_329, [840243102372], 1, healthypetcenters_093
cluster_3050, [840243123018], 2, healthypetcenters_135dogsupplies_006
cluster_539, [52742012087], 1, walmart_027
cluster_683, [723633440417], 1, healthypetcenters_221
cluster_647, [52742000626], 1, miscota_017
cluster_4455, [840243100958], 4, healthypetcenters_173concordpet_030roguevalleypet_069petnutritioncenter_040
cluster_858, [30111511911], 1, concordpet_174
cluster_3211, [859610007486], 2, petnutritioncenter_102healthypetcenters_091
cluster_2776, [3182550768658], 1, bitiba.co.uk_070
cluster_3204, [52742930107], 2, hardwarestore_026countrymax_071
cluster_4584, [840243122073], 5, healthypetcenters_125roguevalleypet_049petsupplies_019petsense_082concordpet_072
cluster_296, [3182550781886], 1, miscota_180
cluster_1091, [840243105199], 1, countrymax_008
cluster_43, [3182550775274], 1, bitiba.co.uk_083
cluster_3491, [840243107094], 2, petnutritioncenter_025healthypetcenters_069
cluster_4426, [30111417886], 4, concordpet_177petnutritioncenter_191roguevalleypet_115horseandhound_075
cluster_3564, [3182550782180], 2, miscota_111zoobio_038
cluster_760, [3182550716826], 1, miscota_151
cluster_4613, [74198612291], 5, mypetwarehouse_165megapet_098zoomalia_054bigdogworld_020zooplus_099
cluster_4292, [3182550736046], 4, miscota_100zoobio_024bitiba.co.uk_101bigdogworld_008
cluster_3009, [840243121076], 2, petnutritioncenter_095healthypetcenters_083
cluster_3901, [52742703909], 2, mypetwarehouse_050hardwarestore_007
cluster_2152, [52742713304], 1, countrymax_086
cluster_4606, [30111451040], 6, countrymax_101petsense_023roguevalleypet_153horseandhound_130concordpet_236petsupplies_078
cluster_231, [52742705101], 1, countrymax_065
cluster_3399, [840243110742], 2, healthypetcenters_061petnutritioncenter_024
cluster_1072, [9003579311486], 1, mypetwarehouse_114
cluster_4126, [3182550402248], 3, megapet_079mypetwarehouse_125zoobio_060
cluster_4569, [3182550717335], 6, bitiba.co.uk_086megapet_046zooplus_038mypetwarehouse_146zoomalia_019miscota_078
cluster_3533, [859610006885], 2, petnutritioncenter_088healthypetcenters_065
cluster_576, [74198612246], 1, mypetwarehouse_175
cluster_843, [52742918303], 1, bitiba.co.uk_046
cluster_2810, [52742927305], 1, bitiba.co.uk_055
cluster_4547, [30111111166], 5, petnutritioncenter_199roguevalleypet_125concordpet_189petco_073horseandhound_085
cluster_2013, [9003579001516], 1, mypetwarehouse_142
cluster_4321, [74198610358], 3, petfood_043countrymax_110dog_046
cluster_3442, [840243104949], 2, speckspet_052countrymax_027
cluster_1625, [3182550793766], 1, miscota_185
cluster_850, [859610000647], 1, speckspet_044
cluster_4259, [3182550724159], 4, mypetwarehouse_077megapet_052bigdogworld_002bitiba.co.uk_093
cluster_4157, [840243105212], 3, petfood_009dog_012countrymax_009
cluster_2674, [859610005888], 1, speckspet_034
cluster_4353, [859610000968], 4, petnutritioncenter_098dog_003healthypetcenters_086petfood_006
cluster_3581, [840243107179], 2, petnutritioncenter_044healthypetcenters_178
cluster_1098, [52742010861], 1, zoobio_002
cluster_3321, [52742769202], 2, zooplus_023zoomalia_011
cluster_4504, [723633420648], 8, petsense_055healthypetcenters_272dog_069petsupplies_046petfood_082roguevalleypet_100concordpet_159horseandhound_058
cluster_3327, [840243120901], 2, healthypetcenters_153petnutritioncenter_139
cluster_3019, [52742005539], 2, megapet_035mypetwarehouse_034
cluster_1437, [723633420082], 1, concordpet_103
cluster_3208, [3182550732055], 2, megapet_066mypetwarehouse_099
cluster_530, [3182550837880], 1, zoobio_052
cluster_4512, [859610006793], 5, petnutritioncenter_086healthypetcenters_063petsupplies_006roguevalleypet_018petsense_095
cluster_1453, [723633012553], 1, healthypetcenters_276
cluster_3437, [723633624084], 2, healthypetcenters_255dogsupplies_036
cluster_3179, [52742143415], 2, mypetwarehouse_046petco_031
cluster_458, [52742705606], 1, hardwarestore_030
cluster_3326, [3182550793612], 2, zooplus_094zoomalia_052
cluster_4359, [52742204406], 3, walmart_005petco_046horseandhound_013
cluster_323, [3182550837866], 1, mypetwarehouse_152
cluster_3094, [840243105403], 2, petfood_042dog_029
cluster_2614, [723633420457], 1, concordpet_150
cluster_3305, [74198609550], 2, petfood_054dog_059
cluster_617, [723633428682], 1, concordpet_156
cluster_2757, [30111970718], 1, petco_086
cluster_4283, [52742754505], 4, zoomalia_007miscota_006zooplus_016bitiba.co.uk_034
cluster_4057, [840243112531], 4, healthypetcenters_090petfood_008dog_005petnutritioncenter_101
cluster_1366, [3182550788304], 1, bitiba.co.uk_177
cluster_3117, [840243120932], 2, petnutritioncenter_147healthypetcenters_161
cluster_4597, [840243122134], 5, concordpet_075petsupplies_020healthypetcenters_127roguevalleypet_050petsense_081
cluster_2365, [52742754406], 1, bitiba.co.uk_033
cluster_4495, [74198609628], 7, petnutritioncenter_225petsense_006petsupplies_095roguevalleypet_175horseandhound_141healthypetcenters_306hardwarestore_045
cluster_4016, [840243111671], 4, healthypetcenters_143petnutritioncenter_131concordpet_080roguevalleypet_054
cluster_4570, [859610008766], 5, roguevalleypet_074petsense_078healthypetcenters_181petnutritioncenter_155petsupplies_023
cluster_4349, [3182550813105], 4, mypetwarehouse_127megapet_084miscota_140bitiba.co.uk_139
cluster_3921, [840243120406], 2, petnutritioncenter_071healthypetcenters_046
cluster_4568, [859610000135], 7, roguevalleypet_040dog_091horseandhound_009petfood_089healthypetcenters_111petnutritioncenter_118countrymax_037
cluster_4572, [723633420679], 6, roguevalleypet_088concordpet_133healthypetcenters_242petsense_067horseandhound_046petsupplies_034
cluster_3872, [52742005300], 2, mypetwarehouse_005megapet_022
cluster_4334, [74198611461], 4, petco_108healthypetcenters_313concordpet_254petnutritioncenter_232
cluster_1061, [52742142807], 1, mypetwarehouse_031
cluster_4615, [840243105137], 5, countrymax_052dog_037speckspet_026petfood_025concordpet_085
cluster_1212, [846998090940], 1, countrymax_090
cluster_4238, [30111512628], 3, horseandhound_126roguevalleypet_151concordpet_232
cluster_4439, [30111175281], 3, petsense_039petsupplies_062petco_093
cluster_2843, [723633440615], 1, healthypetcenters_249
cluster_4451, [52742326603], 3, miscota_058zoomalia_004zooplus_009
cluster_621, [840243101528], 1, healthypetcenters_202
cluster_3119, [52742281407], 2, zooplus_026miscota_049
cluster_4501, [723633429443], 6, horseandhound_041concordpet_122roguevalleypet_083petsupplies_030healthypetcenters_236petsense_071
cluster_4457, [859610006816], 3, petnutritioncenter_091roguevalleypet_021healthypetcenters_068
cluster_4125, [3182550725507], 3, miscota_109mypetwarehouse_090megapet_060
cluster_1479, [840243122301], 1, healthypetcenters_122
cluster_593, [30111512710], 1, concordpet_167
cluster_4484, [30111453068], 5, concordpet_205roguevalleypet_148horseandhound_102petsense_026petsupplies_075
cluster_2001, [52742010953], 1, miscota_036
cluster_2900, [840243116553], 1, dogsupplies_020
cluster_1484, [840243105328], 1, countrymax_048
cluster_4428, [3182550799775], 3, mypetwarehouse_163megapet_088bitiba.co.uk_141
cluster_4332, [30111920119], 3, petsense_021healthypetcenters_294petsupplies_080
cluster_3287, [3182550718783], 2, miscota_170zoobio_044
cluster_2192, [859610000258], 1, speckspet_035
cluster_682, [9003579001653], 1, mypetwarehouse_133
cluster_2986, [840243105526], 2, countrymax_035concordpet_057
cluster_4491, [840243105267], 7, petnutritioncenter_123concordpet_062healthypetcenters_116roguevalleypet_045petsense_084petsupplies_017countrymax_041
cluster_4523, [723633429290], 6, petsense_070horseandhound_042concordpet_124petsupplies_031roguevalleypet_084healthypetcenters_238
cluster_1707, [859610000241], 1, speckspet_039
cluster_2617, [840243105632], 1, speckspet_033
cluster_4511, [723633420594], 6, roguevalleypet_085healthypetcenters_239horseandhound_043petsense_069concordpet_127petsupplies_032
cluster_4250, [3182550743938], 3, zoomalia_013miscota_065zooplus_028
cluster_611, [3182550793704], 1, miscota_186
cluster_1891, [52742001821], 1, walmart_033
cluster_797, [840243122790], 1, healthypetcenters_132
cluster_4288, [723633420587], 3, concordpet_111petsupplies_027petsense_074
cluster_4269, [840243105311], 4, countrymax_042concordpet_065petfood_027dog_009
cluster_4102, [840243102709], 4, concordpet_026petnutritioncenter_036roguevalleypet_035healthypetcenters_106
cluster_3429, [52742923505], 2, countrymax_080walmart_009
cluster_2909, [3182550731355], 1, miscota_161
cluster_2497, [3182550771719], 1, miscota_101
cluster_3347, [859610005697], 2, concordpet_094dog_017
cluster_3783, [30111920768], 2, petsupplies_061petsense_040
cluster_689, [723633606004], 1, dogsupplies_040
cluster_3335, [840243120727], 2, healthypetcenters_188petnutritioncenter_158
cluster_1365, [9003579002735], 1, mypetwarehouse_119
cluster_1033, [52742887807], 1, petco_033
cluster_4373, [3182550813051], 4, bitiba.co.uk_078mypetwarehouse_111zooplus_031megapet_042
cluster_4448, [840243100781], 4, petnutritioncenter_032roguevalleypet_024healthypetcenters_077concordpet_023
cluster_3231, [859610005918], 2, petnutritioncenter_019healthypetcenters_008
cluster_1659, [723633440370], 1, healthypetcenters_223
cluster_2683, [723633623148], 1, dogsupplies_029
cluster_3253, [52742201306], 2, bitiba.co.uk_016zooplus_014
cluster_3804, [840243120994], 2, petnutritioncenter_164healthypetcenters_197
cluster_2, [723633811859], 1, petco_054
cluster_2333, [52742253206], 1, walmart_003
cluster_4583, [30111494146], 5, roguevalleypet_129petsupplies_067horseandhound_088petsense_034concordpet_192
cluster_3154, [3182550811620], 2, zoobio_033miscota_086
cluster_2714, [859610005246], 1, speckspet_040
cluster_176, [3182550711302], 1, bitiba.co.uk_182
cluster_4155, [840243112937], 4, petfood_017healthypetcenters_156dog_032petnutritioncenter_142
cluster_4450, [840243105908], 4, petfood_015healthypetcenters_198dog_030petnutritioncenter_165
cluster_3947, [52742692906], 2, mypetwarehouse_024megapet_032
cluster_1700, [52742007038], 1, walmart_036
cluster_3369, [840243104840], 2, healthypetcenters_015petnutritioncenter_008
cluster_4408, [30111460127], 4, healthypetcenters_289horseandhound_071roguevalleypet_110petnutritioncenter_185
cluster_4163, [840243100699], 4, petnutritioncenter_022concordpet_018roguevalleypet_015healthypetcenters_059
cluster_3607, [52742892108], 2, walmart_007hardwarestore_009
cluster_4054, [840243100675], 4, healthypetcenters_078concordpet_024roguevalleypet_025petnutritioncenter_033
cluster_4412, [3182550793506], 3, mypetwarehouse_155megapet_095miscota_132
cluster_4159, [30111823656], 4, petsense_052petsupplies_049petnutritioncenter_174healthypetcenters_279
cluster_4548, [74198612253], 5, mypetwarehouse_173zoomalia_056zooplus_101bigdogworld_021megapet_100
cluster_4132, [30111175298], 3, petsupplies_090petco_076petsense_011
cluster_4381, [859610005208], 3, speckspet_037dogsupplies_005healthypetcenters_027
cluster_818, [30111534132], 1, concordpet_241
cluster_2376, [52742005355], 1, megapet_015
cluster_1294, [840243102334], 1, speckspet_049
cluster_2822, [840243117291], 1, concordpet_083
cluster_4552, [723633420662], 6, petsense_068petsupplies_033roguevalleypet_087horseandhound_045concordpet_130healthypetcenters_241
cluster_3827, [840243107261], 2, petnutritioncenter_057healthypetcenters_211
cluster_4394, [52742909400], 3, hardwarestore_042walmart_037horseandhound_032
cluster_645, [52742177007], 1, hardwarestore_015
cluster_3352, [52742296609], 2, megapet_021mypetwarehouse_021
cluster_581, [840243100088], 1, concordpet_017
cluster_2024, [3182550813235], 1, zoobio_025
cluster_4436, [3182550719803], 3, megapet_039mypetwarehouse_150bitiba.co.uk_075
cluster_4004, [840243117369], 2, healthypetcenters_148petnutritioncenter_134
cluster_4119, [840243112517], 4, petnutritioncenter_099dog_004petfood_007healthypetcenters_088
cluster_3487, [840243107247], 2, petnutritioncenter_056healthypetcenters_210
cluster_4324, [840243105670], 4, concordpet_060roguevalleypet_044healthypetcenters_115petnutritioncenter_122
cluster_4586, [3182550741668], 5, zoomalia_040zooplus_070bitiba.co.uk_124mypetwarehouse_113megapet_074
cluster_321, [859610009091], 1, healthypetcenters_036
cluster_1699, [3182550781992], 1, miscota_167
cluster_808, [840243105229], 1, countrymax_011
cluster_764, [723633615006], 1, petco_062
cluster_4356, [3182550811705], 3, mypetwarehouse_074bitiba.co.uk_091megapet_050
cluster_889, [859610005680], 1, dog_016
cluster_4228, [52742892306], 3, walmart_018horseandhound_023hardwarestore_028
cluster_2114, [723633440332], 1, healthypetcenters_222
cluster_4206, [840243100064], 4, roguevalleypet_007healthypetcenters_007petnutritioncenter_018concordpet_015
cluster_4600, [3182550755351], 5, mypetwarehouse_135zooplus_085megapet_090miscota_159bitiba.co.uk_144
cluster_3610, [723633605083], 2, dogsupplies_037healthypetcenters_247
cluster_1682, [723633126472], 1, healthypetcenters_275
cluster_3811, [859610000159], 2, petfood_090dog_092
cluster_4239, [859610006847], 4, healthypetcenters_064concordpet_038roguevalleypet_019petnutritioncenter_087
cluster_2058, [3182550837927], 1, zoobio_051
cluster_2861, [52742703916], 1, mypetwarehouse_051
cluster_2577, [3182550761772], 1, miscota_144
cluster_4477, [840243104864], 3, countrymax_050dog_031petfood_016
cluster_872, [52742008912], 1, bitiba.co.uk_004
cluster_2187, [3182550839129], 1, zoobio_050
cluster_4109, [723633420730], 3, horseandhound_039roguevalleypet_081concordpet_117
cluster_4522, [723633420365], 5, petsense_065petfood_063dog_067concordpet_138petsupplies_036
cluster_3248, [840243121199], 2, petnutritioncenter_125healthypetcenters_128
cluster_888, [859610008339], 1, healthypetcenters_025
cluster_398, [52742304519], 1, petco_037
cluster_4024, [859610005857], 4, petnutritioncenter_004concordpet_003roguevalleypet_009healthypetcenters_011
cluster_4608, [30111518453], 5, horseandhound_116roguevalleypet_127concordpet_218petsupplies_066petsense_035
cluster_4144, [30111494382], 3, concordpet_191roguevalleypet_128horseandhound_087
cluster_4551, [74198612345], 5, mypetwarehouse_186megapet_105bitiba.co.uk_060miscota_197zoobio_080
cluster_4589, [74198611379], 8, petnutritioncenter_223miscota_198healthypetcenters_304roguevalleypet_174petsense_007countrymax_118petsupplies_094horseandhound_140
cluster_3013, [840243105618], 2, speckspet_065dogsupplies_010
cluster_750, [3182550722537], 1, miscota_072
cluster_2921, [840243116614], 2, dogsupplies_016healthypetcenters_131
cluster_31, [3182550782074], 1, miscota_166
cluster_3238, [840243102815], 2, dogsupplies_017healthypetcenters_130
cluster_3735, [840243107209], 2, healthypetcenters_199petnutritioncenter_048
cluster_4375, [859610006717], 4, healthypetcenters_020concordpet_007roguevalleypet_012petnutritioncenter_012
cluster_3092, [3182550799768], 2, zooplus_095zoomalia_053
cluster_3146, [723633624145], 2, dogsupplies_039petco_059
cluster_1949, [30111427625], 1, petco_094
cluster_3396, [74198612710], 2, concordpet_249petco_104
cluster_809, [859610003303], 1, petco_016
cluster_4405, [52742281704], 4, miscota_020bitiba.co.uk_019zoomalia_012zooplus_025
cluster_4290, [840243116973], 3, dogsupplies_018healthypetcenters_138countrymax_047
cluster_4209, [859610000449], 3, concordpet_051speckspet_009petco_001
cluster_4505, [30111460257], 6, healthypetcenters_287petsupplies_054horseandhound_069petnutritioncenter_184roguevalleypet_109petsense_047
cluster_2166, [723633126519], 1, healthypetcenters_232
cluster_3940, [3182550719759], 2, miscota_064mypetwarehouse_159
cluster_698, [3182550797375], 1, miscota_174
cluster_4160, [30111501257], 4, concordpet_247horseandhound_137petnutritioncenter_220roguevalleypet_171
cluster_4614, [30111512222], 5, petsupplies_088horseandhound_127roguevalleypet_166petsense_013concordpet_234
cluster_2663, [840243105373], 1, speckspet_021
cluster_204, [52742931807], 1, mypetwarehouse_022
cluster_1764, [723633440578], 1, healthypetcenters_263
cluster_4291, [3182550775328], 3, zoomalia_017zooplus_035miscota_074
cluster_3448, [3182550743891], 2, bitiba.co.uk_076mypetwarehouse_089
cluster_4471, [52742928104], 4, horseandhound_024countrymax_072walmart_012hardwarestore_038
cluster_3160, [52742757001], 2, zooplus_017bitiba.co.uk_036
cluster_4619, [840243105250], 10, petfood_096roguevalleypet_034petsupplies_012dog_045countrymax_025horseandhound_007petnutritioncenter_113petsense_089healthypetcenters_105concordpet_049
cluster_4183, [30111510655], 4, roguevalleypet_160healthypetcenters_293petnutritioncenter_212horseandhound_111
cluster_4596, [30111493255], 6, petsupplies_077petco_077roguevalleypet_152horseandhound_132petsense_024concordpet_242
cluster_4607, [3182550715645], 5, bitiba.co.uk_105bigdogworld_009zooplus_054megapet_057zoobio_037
cluster_934, [723633012669], 1, petco_064
cluster_1541, [840243103508], 1, speckspet_045
cluster_1015, [723633440622], 1, healthypetcenters_250
cluster_4092, [3182550402316], 4, bigdogworld_012zooplus_057zoomalia_029bitiba.co.uk_108
cluster_1172, [723633440479], 1, petco_066
cluster_2887, [74198612208], 1, mypetwarehouse_196
cluster_4571, [859610005673], 6, roguevalleypet_063countrymax_056speckspet_019concordpet_093healthypetcenters_159petnutritioncenter_145
cluster_2991, [840243112494], 2, petnutritioncenter_136healthypetcenters_150
cluster_3759, [30111416735], 2, concordpet_198petco_083
cluster_2772, [52742312408], 1, zoobio_003
cluster_440, [52742534107], 1, bitiba.co.uk_030
cluster_4567, [3182550702874], 5, zoomalia_016miscota_073bitiba.co.uk_081zoobio_047zooplus_034
cluster_4487, [840243105700], 7, healthypetcenters_114petsupplies_016petsense_085dog_007petfood_094petnutritioncenter_121roguevalleypet_043
cluster_4508, [859610005703], 5, roguevalleypet_060petco_011petnutritioncenter_141healthypetcenters_155concordpet_089
cluster_997, [52742360904], 1, bitiba.co.uk_026
cluster_3055, [840243106417], 2, healthypetcenters_160petnutritioncenter_146
cluster_2956, [840243107216], 2, petnutritioncenter_049healthypetcenters_200
cluster_4286, [74198612499], 3, bitiba.co.uk_063megapet_108mypetwarehouse_189
cluster_2727, [3182550812016], 1, zoobio_031
cluster_4342, [30111510952], 4, roguevalleypet_158petnutritioncenter_210horseandhound_109concordpet_211
cluster_255, [3182550771160], 1, bitiba.co.uk_159
cluster_3045, [30111175304], 2, petsupplies_064petsense_037
cluster_1935, [10723633925720], 1, petco_069
cluster_4053, [840243101054], 4, healthypetcenters_171petnutritioncenter_152roguevalleypet_068concordpet_099
cluster_4346, [52742756905], 3, bitiba.co.uk_035zoobio_013miscota_023
cluster_3420, [52742005096], 2, mypetwarehouse_067megapet_009
cluster_4267, [859610000111], 3, dog_089petfood_003speckspet_059
cluster_4620, [859610000074], 9, petsense_093petfood_001horseandhound_002dog_087roguevalleypet_026countrymax_012petnutritioncenter_106petsupplies_008healthypetcenters_097
cluster_3412, [840243101917], 2, petnutritioncenter_006healthypetcenters_013
cluster_4563, [3182550703079], 6, bigdogworld_003mypetwarehouse_079zoobio_061bitiba.co.uk_094zooplus_046miscota_094
cluster_1073, [859610005741], 1, countrymax_006
cluster_3400, [30111920669], 2, petsupplies_058petsense_043
cluster_4257, [3182550846042], 3, megapet_048mypetwarehouse_153zooplus_042
cluster_595, [840243110056], 1, speckspet_018
cluster_2867, [52742335308], 1, miscota_035
cluster_4550, [3182550725514], 6, bitiba.co.uk_106mypetwarehouse_088bigdogworld_010megapet_059zoomalia_028zooplus_055
cluster_4435, [52742937601], 3, countrymax_088hardwarestore_023horseandhound_031
cluster_3863, [840243100040], 2, petnutritioncenter_016concordpet_012
cluster_4598, [74198610716], 5, bigdogworld_028petfood_058countrymax_120dog_051mypetwarehouse_191
cluster_3065, [52742648606], 2, megapet_005mypetwarehouse_048
cluster_3390, [723633623087], 2, dogsupplies_035healthypetcenters_248
cluster_3249, [840243120420], 2, healthypetcenters_048petnutritioncenter_073
cluster_4145, [30111451958], 4, concordpet_186horseandhound_082roguevalleypet_122petnutritioncenter_197
cluster_2515, [723633278454], 1, concordpet_146
cluster_3889, [723633155441], 2, petfood_074dog_083
cluster_4039, [30111823359], 4, petsupplies_052petsense_049healthypetcenters_284petnutritioncenter_181
cluster_4068, [859610005482], 4, dogsupplies_023healthypetcenters_184speckspet_025petco_024
cluster_4338, [3182550831352], 3, zoomalia_051zooplus_092bitiba.co.uk_151
cluster_4350, [52742297200], 4, mypetwarehouse_020walmart_031hardwarestore_010megapet_020
cluster_835, [840243104925], 1, concordpet_092
cluster_2791, [52742005348], 1, mypetwarehouse_042
cluster_1250, [9003579002742], 1, mypetwarehouse_126
cluster_1845, [3182550785723], 1, miscota_175
cluster_1864, [52742113706], 1, mypetwarehouse_069
cluster_3495, [30111451514], 2, concordpet_215petco_088
cluster_3820, [3182550831406], 2, zoomalia_043zooplus_074
cluster_2629, [3182550402439], 1, miscota_154
cluster_4363, [74198612215], 4, bigdogworld_029megapet_109zoobio_083mypetwarehouse_194
cluster_4609, [723633429238], 6, horseandhound_054healthypetcenters_267petsense_059concordpet_152roguevalleypet_096petsupplies_042
cluster_3557, [840243120383], 2, petnutritioncenter_069healthypetcenters_044
cluster_4076, [859610006830], 4, petco_018countrymax_023dog_023petfood_028
cluster_3503, [723633420785], 2, concordpet_158petco_063
cluster_1905, [52742007243], 1, mypetwarehouse_016
cluster_3887, [840243105601], 2, speckspet_061dogsupplies_013
cluster_4532, [30111451415], 7, horseandhound_136petsense_010petnutritioncenter_219petsupplies_091roguevalleypet_170concordpet_246petco_082
cluster_4575, [859610008803], 6, petsense_077concordpet_102petsupplies_024healthypetcenters_182petnutritioncenter_156roguevalleypet_075
cluster_638, [3182550811606], 1, mypetwarehouse_162
cluster_3157, [74198613359], 2, megapet_106miscota_191
cluster_3379, [840243117437], 2, dogsupplies_019healthypetcenters_147
cluster_4199, [723633420709], 3, dog_072concordpet_132petfood_084
cluster_2230, [723633429467], 1, concordpet_121
cluster_2869, [52742705613], 1, petco_043
cluster_4555, [859610000289], 7, petsupplies_009petnutritioncenter_107healthypetcenters_098countrymax_020horseandhound_003roguevalleypet_027petsense_092
cluster_4001, [3182550778671], 2, zoomalia_046zooplus_080
cluster_4498, [3182550736060], 6, zooplus_084bitiba.co.uk_143zoomalia_048megapet_092miscota_158mypetwarehouse_137
cluster_3292, [840243120741], 2, healthypetcenters_139petnutritioncenter_127
cluster_2335, [9003579001509], 1, mypetwarehouse_141
cluster_4340, [840243100071], 4, concordpet_016roguevalleypet_008healthypetcenters_010petnutritioncenter_021
cluster_4529, [840243100026], 6, petsupplies_003roguevalleypet_003concordpet_009petsense_098petnutritioncenter_015healthypetcenters_003
cluster_4352, [723633420716], 4, petfood_070petsupplies_047petsense_054concordpet_161
cluster_3589, [840243106394], 2, healthypetcenters_082petnutritioncenter_094
cluster_270, [3182550781923], 1, miscota_179
cluster_4458, [52742012056], 3, horseandhound_033mypetwarehouse_036megapet_001
cluster_4494, [859610000371], 5, concordpet_044dog_039petfood_093speckspet_043petco_007
cluster_1108, [3182550852364], 1, miscota_118
cluster_592, [840243122998], 1, healthypetcenters_133
cluster_4328, [840243120086], 4, roguevalleypet_058petnutritioncenter_138concordpet_087healthypetcenters_152
cluster_2284, [52742143019], 1, mypetwarehouse_004
cluster_4241, [723633420693], 4, petco_061concordpet_134petfood_078dog_080
